img1,img2,question,answer1,answer2,correct
https://cs-people.bu.edu/array/research/r2d3/multi_qa_ims/human_study/navigation_val_v2_784_0_0.jpg,https://cs-people.bu.edu/array/research/r2d3/multi_qa_ims/human_study/navigation_val_v2_784_0_1.jpg,Were any of the objects in the initial image that you can still see in the second image moved from their original positions?,ArmChair was moved left and away from the camera ,ArmChair was moved right and towards the camera ,2
https://cs-people.bu.edu/array/research/r2d3/multi_qa_ims/human_study/navigation_val_v2_589_0_0.jpg,https://cs-people.bu.edu/array/research/r2d3/multi_qa_ims/human_study/navigation_val_v2_589_0_1.jpg,Were any of the objects in the initial image that you can still see in the second image moved from their original positions?,Chair was moved left and away from the camera ,Chair was moved right and towards the camera ,2
https://cs-people.bu.edu/array/research/r2d3/multi_qa_ims/human_study/navigation_val_v2_872_0_0.jpg,https://cs-people.bu.edu/array/research/r2d3/multi_qa_ims/human_study/navigation_val_v2_872_0_1.jpg,Were any of the objects in the initial image that you can still see in the second image moved from their original positions?,no objects moved,Bed was moved left and away from the camera ,1
https://cs-people.bu.edu/array/research/r2d3/multi_qa_ims/human_study/navigation_val_v2_132_0_0.jpg,https://cs-people.bu.edu/array/research/r2d3/multi_qa_ims/human_study/navigation_val_v2_132_0_1.jpg,Were any of the objects in the initial image that you can still see in the second image moved from their original positions?,CoffeeMachine was moved left and towards the camera ,CoffeeMachine was moved right and away from the camera ,1
https://cs-people.bu.edu/array/research/r2d3/multi_qa_ims/human_study/navigation_val_v2_897_0_0.jpg,https://cs-people.bu.edu/array/research/r2d3/multi_qa_ims/human_study/navigation_val_v2_897_0_1.jpg,Were any of the objects in the initial image that you can still see in the second image moved from their original positions?,HousePlant was moved right and towards the camera ,HousePlant was moved left and away from the camera ,2
https://cs-people.bu.edu/array/research/r2d3/multi_qa_ims/human_study/navigation_val_v2_617_0_0.jpg,https://cs-people.bu.edu/array/research/r2d3/multi_qa_ims/human_study/navigation_val_v2_617_0_1.jpg,Were any of the objects in the initial image that you can still see in the second image moved from their original positions?,no objects moved,table was moved right and away from the camera ,1
https://cs-people.bu.edu/array/research/r2d3/multi_qa_ims/human_study/navigation_val_v2_675_0_0.jpg,https://cs-people.bu.edu/array/research/r2d3/multi_qa_ims/human_study/navigation_val_v2_675_0_1.jpg,Were any of the objects in the initial image that you can still see in the second image moved from their original positions?,no objects moved,DiningTable was moved left and towards the camera ,1
https://cs-people.bu.edu/array/research/r2d3/multi_qa_ims/human_study/navigation_val_v2_823_0_0.jpg,https://cs-people.bu.edu/array/research/r2d3/multi_qa_ims/human_study/navigation_val_v2_823_0_1.jpg,Were any of the objects in the initial image that you can still see in the second image moved from their original positions?,no objects moved,DiningTable was moved left and towards the camera ,1
https://cs-people.bu.edu/array/research/r2d3/multi_qa_ims/human_study/navigation_val_v2_488_0_0.jpg,https://cs-people.bu.edu/array/research/r2d3/multi_qa_ims/human_study/navigation_val_v2_488_0_1.jpg,Were any of the objects in the initial image that you can still see in the second image moved from their original positions?,Chair was moved left and towards the camera ,Chair was moved right and away from the camera ,1
https://cs-people.bu.edu/array/research/r2d3/multi_qa_ims/human_study/navigation_val_v2_766_0_0.jpg,https://cs-people.bu.edu/array/research/r2d3/multi_qa_ims/human_study/navigation_val_v2_766_0_1.jpg,Were any of the objects in the initial image that you can still see in the second image moved from their original positions?,DiningTable was moved left and away from the camera ,no objects moved,2
https://cs-people.bu.edu/array/research/r2d3/multi_qa_ims/human_study/navigation_val_v2_241_0_0.jpg,https://cs-people.bu.edu/array/research/r2d3/multi_qa_ims/human_study/navigation_val_v2_241_0_1.jpg,Were any of the objects in the initial image that you can still see in the second image moved from their original positions?,Bed was moved left and away from the camera ,no objects moved,2
https://cs-people.bu.edu/array/research/r2d3/multi_qa_ims/human_study/navigation_val_v2_98_0_0.jpg,https://cs-people.bu.edu/array/research/r2d3/multi_qa_ims/human_study/navigation_val_v2_98_0_1.jpg,Were any of the objects in the initial image that you can still see in the second image moved from their original positions?,HousePlant was moved left and away from the camera ,HousePlant was moved right and towards the camera ,2
https://cs-people.bu.edu/array/research/r2d3/multi_qa_ims/human_study/navigation_val_v2_279_0_0.jpg,https://cs-people.bu.edu/array/research/r2d3/multi_qa_ims/human_study/navigation_val_v2_279_0_1.jpg,Were any of the objects in the initial image that you can still see in the second image moved from their original positions?,Box was moved right and away from the camera ,Box was moved left and towards the camera ,2
https://cs-people.bu.edu/array/research/r2d3/multi_qa_ims/human_study/navigation_val_v2_775_0_0.jpg,https://cs-people.bu.edu/array/research/r2d3/multi_qa_ims/human_study/navigation_val_v2_775_0_1.jpg,Were any of the objects in the initial image that you can still see in the second image moved from their original positions?,Chair was moved right and away from the camera ,no objects moved,2
https://cs-people.bu.edu/array/research/r2d3/multi_qa_ims/human_study/navigation_val_v2_693_0_0.jpg,https://cs-people.bu.edu/array/research/r2d3/multi_qa_ims/human_study/navigation_val_v2_693_0_1.jpg,Were any of the objects in the initial image that you can still see in the second image moved from their original positions?,Sofa was moved left and away from the camera ,Sofa was moved right and towards the camera ,2
https://cs-people.bu.edu/array/research/r2d3/multi_qa_ims/human_study/navigation_val_v2_397_0_0.jpg,https://cs-people.bu.edu/array/research/r2d3/multi_qa_ims/human_study/navigation_val_v2_397_0_1.jpg,Were any of the objects in the initial image that you can still see in the second image moved from their original positions?,Chair was moved left and away from the camera ,no objects moved,2
https://cs-people.bu.edu/array/research/r2d3/multi_qa_ims/human_study/navigation_val_v2_392_0_0.jpg,https://cs-people.bu.edu/array/research/r2d3/multi_qa_ims/human_study/navigation_val_v2_392_0_1.jpg,Were any of the objects in the initial image that you can still see in the second image moved from their original positions?,Book was moved right and towards the camera ,no objects moved,2
https://cs-people.bu.edu/array/research/r2d3/multi_qa_ims/human_study/navigation_val_v2_118_0_0.jpg,https://cs-people.bu.edu/array/research/r2d3/multi_qa_ims/human_study/navigation_val_v2_118_0_1.jpg,Were any of the objects in the initial image that you can still see in the second image moved from their original positions?,tied black garbage bag was moved right and towards the camera ,tied black garbage bag was moved left and away from the camera ,1
https://cs-people.bu.edu/array/research/r2d3/multi_qa_ims/human_study/navigation_val_v2_830_0_0.jpg,https://cs-people.bu.edu/array/research/r2d3/multi_qa_ims/human_study/navigation_val_v2_830_0_1.jpg,Were any of the objects in the initial image that you can still see in the second image moved from their original positions?,no objects moved,Dresser was moved right and towards the camera ,1
https://cs-people.bu.edu/array/research/r2d3/multi_qa_ims/human_study/navigation_val_v2_821_0_0.jpg,https://cs-people.bu.edu/array/research/r2d3/multi_qa_ims/human_study/navigation_val_v2_821_0_1.jpg,Were any of the objects in the initial image that you can still see in the second image moved from their original positions?,TVStand was moved right and away from the camera ,no objects moved,2
https://cs-people.bu.edu/array/research/r2d3/multi_qa_ims/human_study/navigation_val_v2_607_0_0.jpg,https://cs-people.bu.edu/array/research/r2d3/multi_qa_ims/human_study/navigation_val_v2_607_0_1.jpg,Were any of the objects in the initial image that you can still see in the second image moved from their original positions?,Chair was moved left and towards the camera ,no objects moved,2
https://cs-people.bu.edu/array/research/r2d3/multi_qa_ims/human_study/navigation_val_v2_394_0_0.jpg,https://cs-people.bu.edu/array/research/r2d3/multi_qa_ims/human_study/navigation_val_v2_394_0_1.jpg,Were any of the objects in the initial image that you can still see in the second image moved from their original positions?,sofa was moved right and towards the camera ,no objects moved,2
https://cs-people.bu.edu/array/research/r2d3/multi_qa_ims/human_study/navigation_val_v2_136_0_0.jpg,https://cs-people.bu.edu/array/research/r2d3/multi_qa_ims/human_study/navigation_val_v2_136_0_1.jpg,Were any of the objects in the initial image that you can still see in the second image moved from their original positions?,no objects moved,Dresser was moved left and towards the camera ,1
https://cs-people.bu.edu/array/research/r2d3/multi_qa_ims/human_study/navigation_val_v2_553_0_0.jpg,https://cs-people.bu.edu/array/research/r2d3/multi_qa_ims/human_study/navigation_val_v2_553_0_1.jpg,Were any of the objects in the initial image that you can still see in the second image moved from their original positions?,HousePlant was moved left and towards the camera ,no objects moved,2
https://cs-people.bu.edu/array/research/r2d3/multi_qa_ims/human_study/navigation_val_v2_403_0_0.jpg,https://cs-people.bu.edu/array/research/r2d3/multi_qa_ims/human_study/navigation_val_v2_403_0_1.jpg,Were any of the objects in the initial image that you can still see in the second image moved from their original positions?,no objects moved,HousePlant was moved right and towards the camera ,1
https://cs-people.bu.edu/array/research/r2d3/multi_qa_ims/human_study/navigation_val_v2_288_0_0.jpg,https://cs-people.bu.edu/array/research/r2d3/multi_qa_ims/human_study/navigation_val_v2_288_0_1.jpg,Were any of the objects in the initial image that you can still see in the second image moved from their original positions?,Chair was moved left and towards the camera ,Chair was moved right and away from the camera ,2
https://cs-people.bu.edu/array/research/r2d3/multi_qa_ims/human_study/navigation_val_v2_804_0_0.jpg,https://cs-people.bu.edu/array/research/r2d3/multi_qa_ims/human_study/navigation_val_v2_804_0_1.jpg,Were any of the objects in the initial image that you can still see in the second image moved from their original positions?,Chair was moved left and towards the camera ,Chair was moved right and away from the camera ,1
https://cs-people.bu.edu/array/research/r2d3/multi_qa_ims/human_study/navigation_val_v2_521_0_0.jpg,https://cs-people.bu.edu/array/research/r2d3/multi_qa_ims/human_study/navigation_val_v2_521_0_1.jpg,Were any of the objects in the initial image that you can still see in the second image moved from their original positions?,no objects moved,Chair was moved right and away from the camera ,1
https://cs-people.bu.edu/array/research/r2d3/multi_qa_ims/human_study/navigation_val_v2_750_0_0.jpg,https://cs-people.bu.edu/array/research/r2d3/multi_qa_ims/human_study/navigation_val_v2_750_0_1.jpg,Were any of the objects in the initial image that you can still see in the second image moved from their original positions?,orange rhode island novelty basketball was moved left and towards the camera ,no objects moved,2
https://cs-people.bu.edu/array/research/r2d3/multi_qa_ims/human_study/navigation_val_v2_673_0_0.jpg,https://cs-people.bu.edu/array/research/r2d3/multi_qa_ims/human_study/navigation_val_v2_673_0_1.jpg,Were any of the objects in the initial image that you can still see in the second image moved from their original positions?,no objects moved,DiningTable was moved left and away from the camera ,1
https://cs-people.bu.edu/array/research/r2d3/multi_qa_ims/human_study/navigation_val_v2_95_0_0.jpg,https://cs-people.bu.edu/array/research/r2d3/multi_qa_ims/human_study/navigation_val_v2_95_0_1.jpg,Were any of the objects in the initial image that you can still see in the second image moved from their original positions?,Pot was moved right and towards the camera ,no objects moved,2
https://cs-people.bu.edu/array/research/r2d3/multi_qa_ims/human_study/navigation_val_v2_800_0_0.jpg,https://cs-people.bu.edu/array/research/r2d3/multi_qa_ims/human_study/navigation_val_v2_800_0_1.jpg,Were any of the objects in the initial image that you can still see in the second image moved from their original positions?,no objects moved,frontloading clothes dryer with digital display was moved left and towards the camera ,1
https://cs-people.bu.edu/array/research/r2d3/multi_qa_ims/human_study/navigation_val_v2_527_0_0.jpg,https://cs-people.bu.edu/array/research/r2d3/multi_qa_ims/human_study/navigation_val_v2_527_0_1.jpg,Were any of the objects in the initial image that you can still see in the second image moved from their original positions?,Chair was moved right and towards the camera ,Chair was moved left and away from the camera ,2
https://cs-people.bu.edu/array/research/r2d3/multi_qa_ims/human_study/navigation_val_v2_758_0_0.jpg,https://cs-people.bu.edu/array/research/r2d3/multi_qa_ims/human_study/navigation_val_v2_758_0_1.jpg,Were any of the objects in the initial image that you can still see in the second image moved from their original positions?,Dresser was moved left and towards the camera ,Dresser was moved right and away from the camera ,1
https://cs-people.bu.edu/array/research/r2d3/multi_qa_ims/human_study/navigation_val_v2_719_0_0.jpg,https://cs-people.bu.edu/array/research/r2d3/multi_qa_ims/human_study/navigation_val_v2_719_0_1.jpg,Were any of the objects in the initial image that you can still see in the second image moved from their original positions?,no objects moved,FloorLamp was moved left and away from the camera ,1
https://cs-people.bu.edu/array/research/r2d3/multi_qa_ims/human_study/navigation_val_v2_856_0_0.jpg,https://cs-people.bu.edu/array/research/r2d3/multi_qa_ims/human_study/navigation_val_v2_856_0_1.jpg,Were any of the objects in the initial image that you can still see in the second image moved from their original positions?,Bed was moved right and away from the camera ,no objects moved,2
https://cs-people.bu.edu/array/research/r2d3/multi_qa_ims/human_study/navigation_val_v2_621_0_0.jpg,https://cs-people.bu.edu/array/research/r2d3/multi_qa_ims/human_study/navigation_val_v2_621_0_1.jpg,Were any of the objects in the initial image that you can still see in the second image moved from their original positions?,no objects moved,HousePlant was moved right and towards the camera ,1
https://cs-people.bu.edu/array/research/r2d3/multi_qa_ims/human_study/navigation_val_v2_787_0_0.jpg,https://cs-people.bu.edu/array/research/r2d3/multi_qa_ims/human_study/navigation_val_v2_787_0_1.jpg,Were any of the objects in the initial image that you can still see in the second image moved from their original positions?,Bed was moved left and away from the camera ,Bed was moved right and towards the camera ,1
https://cs-people.bu.edu/array/research/r2d3/multi_qa_ims/human_study/navigation_val_v2_500_0_0.jpg,https://cs-people.bu.edu/array/research/r2d3/multi_qa_ims/human_study/navigation_val_v2_500_0_1.jpg,Were any of the objects in the initial image that you can still see in the second image moved from their original positions?,Chair was moved left and towards the camera ,Chair was moved right and away from the camera ,1
https://cs-people.bu.edu/array/research/r2d3/multi_qa_ims/human_study/navigation_val_v2_323_0_0.jpg,https://cs-people.bu.edu/array/research/r2d3/multi_qa_ims/human_study/navigation_val_v2_323_0_1.jpg,Were any of the objects in the initial image that you can still see in the second image moved from their original positions?,DiningTable was moved left and away from the camera ,DiningTable was moved right and towards the camera ,2
https://cs-people.bu.edu/array/research/r2d3/multi_qa_ims/human_study/navigation_val_v2_887_0_0.jpg,https://cs-people.bu.edu/array/research/r2d3/multi_qa_ims/human_study/navigation_val_v2_887_0_1.jpg,Were any of the objects in the initial image that you can still see in the second image moved from their original positions?,Television was moved right and away from the camera ,Television was moved left and towards the camera ,2
https://cs-people.bu.edu/array/research/r2d3/multi_qa_ims/human_study/navigation_val_v2_266_0_0.jpg,https://cs-people.bu.edu/array/research/r2d3/multi_qa_ims/human_study/navigation_val_v2_266_0_1.jpg,Were any of the objects in the initial image that you can still see in the second image moved from their original positions?,blue translucent garbage bag was moved right and towards the camera ,blue translucent garbage bag was moved left and away from the camera ,2
https://cs-people.bu.edu/array/research/r2d3/multi_qa_ims/human_study/navigation_val_v2_121_0_0.jpg,https://cs-people.bu.edu/array/research/r2d3/multi_qa_ims/human_study/navigation_val_v2_121_0_1.jpg,Were any of the objects in the initial image that you can still see in the second image moved from their original positions?,GarbageCan was moved right and towards the camera ,no objects moved,2
https://cs-people.bu.edu/array/research/r2d3/multi_qa_ims/human_study/navigation_val_v2_474_0_0.jpg,https://cs-people.bu.edu/array/research/r2d3/multi_qa_ims/human_study/navigation_val_v2_474_0_1.jpg,Were any of the objects in the initial image that you can still see in the second image moved from their original positions?,sandal color sperical shape hamper was moved right and away from the camera ,sandal color sperical shape hamper was moved left and towards the camera ,2
https://cs-people.bu.edu/array/research/r2d3/multi_qa_ims/human_study/navigation_val_v2_292_0_0.jpg,https://cs-people.bu.edu/array/research/r2d3/multi_qa_ims/human_study/navigation_val_v2_292_0_1.jpg,Were any of the objects in the initial image that you can still see in the second image moved from their original positions?,Sofa was moved left and away from the camera ,no objects moved,2
https://cs-people.bu.edu/array/research/r2d3/multi_qa_ims/human_study/navigation_val_v2_363_0_0.jpg,https://cs-people.bu.edu/array/research/r2d3/multi_qa_ims/human_study/navigation_val_v2_363_0_1.jpg,Were any of the objects in the initial image that you can still see in the second image moved from their original positions?,GarbageCan was moved right and towards the camera ,GarbageCan was moved left and away from the camera ,1
https://cs-people.bu.edu/array/research/r2d3/multi_qa_ims/human_study/navigation_val_v2_167_0_0.jpg,https://cs-people.bu.edu/array/research/r2d3/multi_qa_ims/human_study/navigation_val_v2_167_0_1.jpg,Were any of the objects in the initial image that you can still see in the second image moved from their original positions?,Bed was moved left and away from the camera ,no objects moved,2
https://cs-people.bu.edu/array/research/r2d3/multi_qa_ims/human_study/navigation_val_v2_737_0_0.jpg,https://cs-people.bu.edu/array/research/r2d3/multi_qa_ims/human_study/navigation_val_v2_737_0_1.jpg,Were any of the objects in the initial image that you can still see in the second image moved from their original positions?,HousePlant was moved left and away from the camera ,HousePlant was moved right and towards the camera ,1
https://cs-people.bu.edu/array/research/r2d3/multi_qa_ims/human_study/navigation_val_v2_873_0_0.jpg,https://cs-people.bu.edu/array/research/r2d3/multi_qa_ims/human_study/navigation_val_v2_873_0_1.jpg,Were any of the objects in the initial image that you can still see in the second image moved from their original positions?,no objects moved,Chair was moved left and away from the camera ,1
https://cs-people.bu.edu/array/research/r2d3/multi_qa_ims/human_study/navigation_val_v2_885_0_0.jpg,https://cs-people.bu.edu/array/research/r2d3/multi_qa_ims/human_study/navigation_val_v2_885_0_1.jpg,Were any of the objects in the initial image that you can still see in the second image moved from their original positions?,no objects moved,Chair was moved right and towards the camera ,1
https://cs-people.bu.edu/array/research/r2d3/multi_qa_ims/human_study/navigation_val_v2_792_0_0.jpg,https://cs-people.bu.edu/array/research/r2d3/multi_qa_ims/human_study/navigation_val_v2_792_0_1.jpg,The first image is from the beginning of the video and the second image is from the end. How did the camera likely move when shooting the video?,did not move,rotated right and moved forward,2
https://cs-people.bu.edu/array/research/r2d3/multi_qa_ims/human_study/navigation_val_v2_764_0_0.jpg,https://cs-people.bu.edu/array/research/r2d3/multi_qa_ims/human_study/navigation_val_v2_764_0_1.jpg,The first image is from the beginning of the video and the second image is from the end. How did the camera likely move when shooting the video?,rotated left and moved forward,rotated right and rotated right,1
https://cs-people.bu.edu/array/research/r2d3/multi_qa_ims/human_study/navigation_val_v2_420_0_0.jpg,https://cs-people.bu.edu/array/research/r2d3/multi_qa_ims/human_study/navigation_val_v2_420_0_1.jpg,The first image is from the beginning of the video and the second image is from the end. How did the camera likely move when shooting the video?,did not move,rotated left and moved forward,2
https://cs-people.bu.edu/array/research/r2d3/multi_qa_ims/human_study/navigation_val_v2_555_0_0.jpg,https://cs-people.bu.edu/array/research/r2d3/multi_qa_ims/human_study/navigation_val_v2_555_0_1.jpg,The first image is from the beginning of the video and the second image is from the end. How did the camera likely move when shooting the video?,did not move,rotated left and moved forward,2
https://cs-people.bu.edu/array/research/r2d3/multi_qa_ims/human_study/navigation_val_v2_329_0_0.jpg,https://cs-people.bu.edu/array/research/r2d3/multi_qa_ims/human_study/navigation_val_v2_329_0_1.jpg,The first image is from the beginning of the video and the second image is from the end. How did the camera likely move when shooting the video?,rotated right,rotated left,1
https://cs-people.bu.edu/array/research/r2d3/multi_qa_ims/human_study/navigation_val_v2_569_0_0.jpg,https://cs-people.bu.edu/array/research/r2d3/multi_qa_ims/human_study/navigation_val_v2_569_0_1.jpg,The first image is from the beginning of the video and the second image is from the end. How did the camera likely move when shooting the video?,rotated left and moved forward,rotated right and rotated right,1
https://cs-people.bu.edu/array/research/r2d3/multi_qa_ims/human_study/navigation_val_v2_300_0_0.jpg,https://cs-people.bu.edu/array/research/r2d3/multi_qa_ims/human_study/navigation_val_v2_300_0_1.jpg,The first image is from the beginning of the video and the second image is from the end. How did the camera likely move when shooting the video?,rotated left and moved forward,rotated right and moved forward,1
https://cs-people.bu.edu/array/research/r2d3/multi_qa_ims/human_study/navigation_val_v2_111_0_0.jpg,https://cs-people.bu.edu/array/research/r2d3/multi_qa_ims/human_study/navigation_val_v2_111_0_1.jpg,The first image is from the beginning of the video and the second image is from the end. How did the camera likely move when shooting the video?,rotated right,did not move,1
https://cs-people.bu.edu/array/research/r2d3/multi_qa_ims/human_study/navigation_val_v2_797_0_0.jpg,https://cs-people.bu.edu/array/research/r2d3/multi_qa_ims/human_study/navigation_val_v2_797_0_1.jpg,The first image is from the beginning of the video and the second image is from the end. How did the camera likely move when shooting the video?,rotated left and moved forward,rotated right and moved forward,2
https://cs-people.bu.edu/array/research/r2d3/multi_qa_ims/human_study/navigation_val_v2_365_0_0.jpg,https://cs-people.bu.edu/array/research/r2d3/multi_qa_ims/human_study/navigation_val_v2_365_0_1.jpg,The first image is from the beginning of the video and the second image is from the end. How did the camera likely move when shooting the video?,rotated left and rotated left,rotated right and moved forward,2
https://cs-people.bu.edu/array/research/r2d3/multi_qa_ims/human_study/navigation_val_v2_165_0_0.jpg,https://cs-people.bu.edu/array/research/r2d3/multi_qa_ims/human_study/navigation_val_v2_165_0_1.jpg,The first image is from the beginning of the video and the second image is from the end. How did the camera likely move when shooting the video?,rotated right,rotated left,2
https://cs-people.bu.edu/array/research/r2d3/multi_qa_ims/human_study/navigation_val_v2_102_0_0.jpg,https://cs-people.bu.edu/array/research/r2d3/multi_qa_ims/human_study/navigation_val_v2_102_0_1.jpg,The first image is from the beginning of the video and the second image is from the end. How did the camera likely move when shooting the video?,rotated right and moved forward,did not move,1
https://cs-people.bu.edu/array/research/r2d3/multi_qa_ims/human_study/navigation_val_v2_649_0_0.jpg,https://cs-people.bu.edu/array/research/r2d3/multi_qa_ims/human_study/navigation_val_v2_649_0_1.jpg,The first image is from the beginning of the video and the second image is from the end. How did the camera likely move when shooting the video?,rotated right and moved forward,did not move,2
https://cs-people.bu.edu/array/research/r2d3/multi_qa_ims/human_study/navigation_val_v2_485_0_0.jpg,https://cs-people.bu.edu/array/research/r2d3/multi_qa_ims/human_study/navigation_val_v2_485_0_1.jpg,The first image is from the beginning of the video and the second image is from the end. How did the camera likely move when shooting the video?,did not move,rotated left and moved forward,2
https://cs-people.bu.edu/array/research/r2d3/multi_qa_ims/human_study/navigation_val_v2_437_0_0.jpg,https://cs-people.bu.edu/array/research/r2d3/multi_qa_ims/human_study/navigation_val_v2_437_0_1.jpg,The first image is from the beginning of the video and the second image is from the end. How did the camera likely move when shooting the video?,rotated right and rotated right,rotated left and moved forward,2
https://cs-people.bu.edu/array/research/r2d3/multi_qa_ims/human_study/navigation_val_v2_438_0_0.jpg,https://cs-people.bu.edu/array/research/r2d3/multi_qa_ims/human_study/navigation_val_v2_438_0_1.jpg,The first image is from the beginning of the video and the second image is from the end. How did the camera likely move when shooting the video?,rotated left and moved forward,rotated right and moved forward,1
https://cs-people.bu.edu/array/research/r2d3/multi_qa_ims/human_study/navigation_val_v2_459_0_0.jpg,https://cs-people.bu.edu/array/research/r2d3/multi_qa_ims/human_study/navigation_val_v2_459_0_1.jpg,The first image is from the beginning of the video and the second image is from the end. How did the camera likely move when shooting the video?,rotated left,rotated right,2
https://cs-people.bu.edu/array/research/r2d3/multi_qa_ims/human_study/navigation_val_v2_687_0_0.jpg,https://cs-people.bu.edu/array/research/r2d3/multi_qa_ims/human_study/navigation_val_v2_687_0_1.jpg,The first image is from the beginning of the video and the second image is from the end. How did the camera likely move when shooting the video?,rotated left and moved forward,did not move,1
https://cs-people.bu.edu/array/research/r2d3/multi_qa_ims/human_study/navigation_val_v2_357_0_0.jpg,https://cs-people.bu.edu/array/research/r2d3/multi_qa_ims/human_study/navigation_val_v2_357_0_1.jpg,The first image is from the beginning of the video and the second image is from the end. How did the camera likely move when shooting the video?,rotated left,rotated right,1
https://cs-people.bu.edu/array/research/r2d3/multi_qa_ims/human_study/navigation_val_v2_242_0_0.jpg,https://cs-people.bu.edu/array/research/r2d3/multi_qa_ims/human_study/navigation_val_v2_242_0_1.jpg,The first image is from the beginning of the video and the second image is from the end. How did the camera likely move when shooting the video?,rotated right and moved forward,rotated left and rotated left,1
https://cs-people.bu.edu/array/research/r2d3/multi_qa_ims/human_study/navigation_val_v2_471_0_0.jpg,https://cs-people.bu.edu/array/research/r2d3/multi_qa_ims/human_study/navigation_val_v2_471_0_1.jpg,The first image is from the beginning of the video and the second image is from the end. How did the camera likely move when shooting the video?,rotated left and moved forward,rotated right and rotated right,1
https://cs-people.bu.edu/array/research/r2d3/multi_qa_ims/human_study/navigation_val_v2_624_0_0.jpg,https://cs-people.bu.edu/array/research/r2d3/multi_qa_ims/human_study/navigation_val_v2_624_0_1.jpg,The first image is from the beginning of the video and the second image is from the end. How did the camera likely move when shooting the video?,rotated right,rotated left,1
https://cs-people.bu.edu/array/research/r2d3/multi_qa_ims/human_study/navigation_val_v2_351_0_0.jpg,https://cs-people.bu.edu/array/research/r2d3/multi_qa_ims/human_study/navigation_val_v2_351_0_1.jpg,The first image is from the beginning of the video and the second image is from the end. How did the camera likely move when shooting the video?,rotated left and moved forward,rotated right and rotated right,1
https://cs-people.bu.edu/array/research/r2d3/multi_qa_ims/human_study/navigation_val_v2_841_0_0.jpg,https://cs-people.bu.edu/array/research/r2d3/multi_qa_ims/human_study/navigation_val_v2_841_0_1.jpg,The first image is from the beginning of the video and the second image is from the end. How did the camera likely move when shooting the video?,rotated left and moved forward,rotated right and rotated right,1
https://cs-people.bu.edu/array/research/r2d3/multi_qa_ims/human_study/navigation_val_v2_303_0_0.jpg,https://cs-people.bu.edu/array/research/r2d3/multi_qa_ims/human_study/navigation_val_v2_303_0_1.jpg,The first image is from the beginning of the video and the second image is from the end. How did the camera likely move when shooting the video?,rotated left and moved forward,rotated right and moved forward,2
https://cs-people.bu.edu/array/research/r2d3/multi_qa_ims/human_study/navigation_val_v2_522_0_0.jpg,https://cs-people.bu.edu/array/research/r2d3/multi_qa_ims/human_study/navigation_val_v2_522_0_1.jpg,The first image is from the beginning of the video and the second image is from the end. How did the camera likely move when shooting the video?,rotated left,rotated right,2
https://cs-people.bu.edu/array/research/r2d3/multi_qa_ims/human_study/navigation_val_v2_462_0_0.jpg,https://cs-people.bu.edu/array/research/r2d3/multi_qa_ims/human_study/navigation_val_v2_462_0_1.jpg,The first image is from the beginning of the video and the second image is from the end. How did the camera likely move when shooting the video?,did not move,rotated right,1
https://cs-people.bu.edu/array/research/r2d3/multi_qa_ims/human_study/navigation_val_v2_550_0_0.jpg,https://cs-people.bu.edu/array/research/r2d3/multi_qa_ims/human_study/navigation_val_v2_550_0_1.jpg,The first image is from the beginning of the video and the second image is from the end. How did the camera likely move when shooting the video?,rotated right,did not move,1
https://cs-people.bu.edu/array/research/r2d3/multi_qa_ims/human_study/navigation_val_v2_875_0_0.jpg,https://cs-people.bu.edu/array/research/r2d3/multi_qa_ims/human_study/navigation_val_v2_875_0_1.jpg,The first image is from the beginning of the video and the second image is from the end. How did the camera likely move when shooting the video?,did not move,rotated left,1
https://cs-people.bu.edu/array/research/r2d3/multi_qa_ims/human_study/navigation_val_v2_421_0_0.jpg,https://cs-people.bu.edu/array/research/r2d3/multi_qa_ims/human_study/navigation_val_v2_421_0_1.jpg,The first image is from the beginning of the video and the second image is from the end. How did the camera likely move when shooting the video?,rotated right,rotated left,1
https://cs-people.bu.edu/array/research/r2d3/multi_qa_ims/human_study/navigation_val_v2_449_0_0.jpg,https://cs-people.bu.edu/array/research/r2d3/multi_qa_ims/human_study/navigation_val_v2_449_0_1.jpg,The first image is from the beginning of the video and the second image is from the end. How did the camera likely move when shooting the video?,rotated left,rotated right,2
https://cs-people.bu.edu/array/research/r2d3/multi_qa_ims/human_study/navigation_val_v2_882_0_0.jpg,https://cs-people.bu.edu/array/research/r2d3/multi_qa_ims/human_study/navigation_val_v2_882_0_1.jpg,The first image is from the beginning of the video and the second image is from the end. How did the camera likely move when shooting the video?,did not move,rotated right,2
https://cs-people.bu.edu/array/research/r2d3/multi_qa_ims/human_study/navigation_val_v2_389_0_0.jpg,https://cs-people.bu.edu/array/research/r2d3/multi_qa_ims/human_study/navigation_val_v2_389_0_1.jpg,The first image is from the beginning of the video and the second image is from the end. How did the camera likely move when shooting the video?,rotated left and moved forward,rotated right and moved forward,1
https://cs-people.bu.edu/array/research/r2d3/multi_qa_ims/human_study/navigation_val_v2_286_0_0.jpg,https://cs-people.bu.edu/array/research/r2d3/multi_qa_ims/human_study/navigation_val_v2_286_0_1.jpg,The first image is from the beginning of the video and the second image is from the end. How did the camera likely move when shooting the video?,rotated right and rotated right,rotated left and moved forward,2
https://cs-people.bu.edu/array/research/r2d3/multi_qa_ims/human_study/navigation_val_v2_895_0_0.jpg,https://cs-people.bu.edu/array/research/r2d3/multi_qa_ims/human_study/navigation_val_v2_895_0_1.jpg,The first image is from the beginning of the video and the second image is from the end. How did the camera likely move when shooting the video?,rotated left,rotated right,2
https://cs-people.bu.edu/array/research/r2d3/multi_qa_ims/human_study/navigation_val_v2_360_0_0.jpg,https://cs-people.bu.edu/array/research/r2d3/multi_qa_ims/human_study/navigation_val_v2_360_0_1.jpg,The first image is from the beginning of the video and the second image is from the end. How did the camera likely move when shooting the video?,rotated left and moved forward,rotated right and moved forward,1
https://cs-people.bu.edu/array/research/r2d3/multi_qa_ims/human_study/navigation_val_v2_344_0_0.jpg,https://cs-people.bu.edu/array/research/r2d3/multi_qa_ims/human_study/navigation_val_v2_344_0_1.jpg,The first image is from the beginning of the video and the second image is from the end. How did the camera likely move when shooting the video?,rotated right,did not move,1
https://cs-people.bu.edu/array/research/r2d3/multi_qa_ims/human_study/navigation_val_v2_463_0_0.jpg,https://cs-people.bu.edu/array/research/r2d3/multi_qa_ims/human_study/navigation_val_v2_463_0_1.jpg,The first image is from the beginning of the video and the second image is from the end. How did the camera likely move when shooting the video?,rotated left and moved forward,rotated right and rotated right,1
https://cs-people.bu.edu/array/research/r2d3/multi_qa_ims/human_study/navigation_val_v2_255_0_0.jpg,https://cs-people.bu.edu/array/research/r2d3/multi_qa_ims/human_study/navigation_val_v2_255_0_1.jpg,The first image is from the beginning of the video and the second image is from the end. How did the camera likely move when shooting the video?,rotated right,rotated left,1
https://cs-people.bu.edu/array/research/r2d3/multi_qa_ims/human_study/navigation_val_v2_268_0_0.jpg,https://cs-people.bu.edu/array/research/r2d3/multi_qa_ims/human_study/navigation_val_v2_268_0_1.jpg,The first image is from the beginning of the video and the second image is from the end. How did the camera likely move when shooting the video?,rotated right,did not move,2
https://cs-people.bu.edu/array/research/r2d3/multi_qa_ims/human_study/navigation_val_v2_541_0_0.jpg,https://cs-people.bu.edu/array/research/r2d3/multi_qa_ims/human_study/navigation_val_v2_541_0_1.jpg,The first image is from the beginning of the video and the second image is from the end. How did the camera likely move when shooting the video?,rotated right,rotated left,2
https://cs-people.bu.edu/array/research/r2d3/multi_qa_ims/human_study/navigation_val_v2_777_0_0.jpg,https://cs-people.bu.edu/array/research/r2d3/multi_qa_ims/human_study/navigation_val_v2_777_0_1.jpg,The first image is from the beginning of the video and the second image is from the end. How did the camera likely move when shooting the video?,rotated right,did not move,2
https://cs-people.bu.edu/array/research/r2d3/multi_qa_ims/human_study/navigation_val_v2_181_0_0.jpg,https://cs-people.bu.edu/array/research/r2d3/multi_qa_ims/human_study/navigation_val_v2_181_0_1.jpg,The first image is from the beginning of the video and the second image is from the end. How did the camera likely move when shooting the video?,rotated right,rotated left,1
https://cs-people.bu.edu/array/research/r2d3/multi_qa_ims/human_study/navigation_val_v2_809_0_0.jpg,https://cs-people.bu.edu/array/research/r2d3/multi_qa_ims/human_study/navigation_val_v2_809_0_1.jpg,The first image is from the beginning of the video and the second image is from the end. How did the camera likely move when shooting the video?,rotated left and moved forward,rotated right and rotated right,1
https://cs-people.bu.edu/array/research/r2d3/multi_qa_ims/human_study/navigation_val_v2_786_0_0.jpg,https://cs-people.bu.edu/array/research/r2d3/multi_qa_ims/human_study/navigation_val_v2_786_0_1.jpg,The first image is from the beginning of the video and the second image is from the end. How did the camera likely move when shooting the video?,rotated left and moved forward,did not move,1
https://cs-people.bu.edu/array/research/r2d3/multi_qa_ims/human_study/navigation_val_v2_740_0_0.jpg,https://cs-people.bu.edu/array/research/r2d3/multi_qa_ims/human_study/navigation_val_v2_740_0_1.jpg,The first image is from the beginning of the video and the second image is from the end. How did the camera likely move when shooting the video?,rotated left and moved forward,rotated right and moved forward,2
https://cs-people.bu.edu/array/research/r2d3/multi_qa_ims/human_study/navigation_val_v2_538_0_0.jpg,https://cs-people.bu.edu/array/research/r2d3/multi_qa_ims/human_study/navigation_val_v2_538_0_1.jpg,The first image is from the beginning of the video and the second image is from the end. How did the camera likely move when shooting the video?,rotated right and moved forward,did not move,2
https://cs-people.bu.edu/array/research/r2d3/multi_qa_ims/human_study/navigation_val_v2_220_0_0.jpg,https://cs-people.bu.edu/array/research/r2d3/multi_qa_ims/human_study/navigation_val_v2_220_0_1.jpg,The first image is from the beginning of the video and the second image is from the end. How did the camera likely move when shooting the video?,rotated left and moved forward,did not move,1
https://cs-people.bu.edu/array/research/r2d3/multi_qa_ims/human_study/navigation_val_v2_830_0_0.jpg,https://cs-people.bu.edu/array/research/r2d3/multi_qa_ims/human_study/navigation_val_v2_830_0_1.jpg,The first image is from the beginning of the video and the second image is from the end. How did the camera likely move when shooting the video?,rotated right and moved forward,rotated left and rotated left,1
https://cs-people.bu.edu/array/research/r2d3/multi_qa_ims/human_study/navigation_val_v2_599_0_0.jpg,https://cs-people.bu.edu/array/research/r2d3/multi_qa_ims/human_study/navigation_val_v2_599_0_1.jpg,The first image is from the beginning of the video and the second image is from the end. How did the camera likely move when shooting the video?,rotated right,did not move,1
https://cs-people.bu.edu/array/research/r2d3/multi_qa_ims/human_study/navigation_val_v2_365_0_marked.jpg,,I need to go to Kettle (near the mark 0 in the image). Which direction should I turn to face the object?,right by 56 degrees,look straight,1
https://cs-people.bu.edu/array/research/r2d3/multi_qa_ims/human_study/navigation_val_v2_614_0_marked.jpg,,I need to go to DiningTable (near the mark 7 in the image). Which direction should I turn to face the object?,right by 46 degrees,left by 46 degrees,2
https://cs-people.bu.edu/array/research/r2d3/multi_qa_ims/human_study/navigation_val_v2_668_0_marked.jpg,,I need to go to Doorway (near the mark 4 in the image). Which direction should I turn to face the object?,right by 40 degrees,look straight,2
https://cs-people.bu.edu/array/research/r2d3/multi_qa_ims/human_study/navigation_val_v2_535_0_marked.jpg,,I need to go to Doorway (near the mark 2 in the image). Which direction should I turn to face the object?,right by 44 degrees,left by 44 degrees,1
https://cs-people.bu.edu/array/research/r2d3/multi_qa_ims/human_study/navigation_val_v2_548_0_marked.jpg,,I need to go to Sofa (near the mark 1 in the image). Which direction should I turn to face the object?,left by 40 degrees,look straight,2
https://cs-people.bu.edu/array/research/r2d3/multi_qa_ims/human_study/navigation_val_v2_235_0_marked.jpg,,I need to go to Bowl (near the mark 1 in the image). Which direction should I turn to face the object?,left by 18 degrees,right by 18 degrees,1
https://cs-people.bu.edu/array/research/r2d3/multi_qa_ims/human_study/navigation_val_v2_774_0_marked.jpg,,I need to go to Chair (near the mark 8 in the image). Which direction should I turn to face the object?,left by 32 degrees,right by 32 degrees,2
https://cs-people.bu.edu/array/research/r2d3/multi_qa_ims/human_study/navigation_val_v2_119_0_marked.jpg,,I need to go to SideTable (near the mark 2 in the image). Which direction should I turn to face the object?,right by 38 degrees,left by 38 degrees,2
https://cs-people.bu.edu/array/research/r2d3/multi_qa_ims/human_study/navigation_val_v2_351_0_marked.jpg,,I need to go to ShelvingUnit (near the mark 4 in the image). Which direction should I turn to face the object?,left by 50 degrees,look straight,2
https://cs-people.bu.edu/array/research/r2d3/multi_qa_ims/human_study/navigation_val_v2_517_0_marked.jpg,,I need to go to Doorway (near the mark 0 in the image). Which direction should I turn to face the object?,look straight,left by 26 degrees,2
https://cs-people.bu.edu/array/research/r2d3/multi_qa_ims/human_study/navigation_val_v2_241_0_marked.jpg,,I need to go to Bed (near the mark 3 in the image). Which direction should I turn to face the object?,left by 16 degrees,right by 16 degrees,1
https://cs-people.bu.edu/array/research/r2d3/multi_qa_ims/human_study/navigation_val_v2_355_0_marked.jpg,,I need to go to Pot (near the mark 1 in the image). Which direction should I turn to face the object?,right by 11 degrees,left by 11 degrees,2
https://cs-people.bu.edu/array/research/r2d3/multi_qa_ims/human_study/navigation_val_v2_479_0_marked.jpg,,I need to go to silve colour toilet  shape decagon (near the mark 2 in the image). Which direction should I turn to face the object?,look straight,left by 50 degrees,2
https://cs-people.bu.edu/array/research/r2d3/multi_qa_ims/human_study/navigation_val_v2_131_0_marked.jpg,,I need to go to Doorway (near the mark 4 in the image). Which direction should I turn to face the object?,left by 40 degrees,look straight,2
https://cs-people.bu.edu/array/research/r2d3/multi_qa_ims/human_study/navigation_val_v2_484_0_marked.jpg,,I need to go to HousePlant (near the mark 0 in the image). Which direction should I turn to face the object?,left by 12 degrees,right by 12 degrees,2
https://cs-people.bu.edu/array/research/r2d3/multi_qa_ims/human_study/navigation_val_v2_363_0_marked.jpg,,I need to go to DiningTable (near the mark 6 in the image). Which direction should I turn to face the object?,right by 32 degrees,left by 32 degrees,1
https://cs-people.bu.edu/array/research/r2d3/multi_qa_ims/human_study/navigation_val_v2_743_0_marked.jpg,,I need to go to Chair (near the mark 10 in the image). Which direction should I turn to face the object?,look straight,left by 26 degrees,2
https://cs-people.bu.edu/array/research/r2d3/multi_qa_ims/human_study/navigation_val_v2_846_0_marked.jpg,,I need to go to Statue (near the mark 1 in the image). Which direction should I turn to face the object?,look straight,left by 42 degrees,2
https://cs-people.bu.edu/array/research/r2d3/multi_qa_ims/human_study/navigation_val_v2_555_0_marked.jpg,,I need to go to Window (near the mark 12 in the image). Which direction should I turn to face the object?,right by 17 degrees,left by 17 degrees,2
https://cs-people.bu.edu/array/research/r2d3/multi_qa_ims/human_study/navigation_val_v2_767_0_marked.jpg,,I need to go to Painting (near the mark 22 in the image). Which direction should I turn to face the object?,left by 13 degrees,right by 13 degrees,2
https://cs-people.bu.edu/array/research/r2d3/multi_qa_ims/human_study/navigation_val_v2_282_0_marked.jpg,,I need to go to TVStand (near the mark 5 in the image). Which direction should I turn to face the object?,look straight,left by 52 degrees,2
https://cs-people.bu.edu/array/research/r2d3/multi_qa_ims/human_study/navigation_val_v2_131_0_marked.jpg,,I need to go to Faucet (near the mark 0 in the image). Which direction should I turn to face the object?,left by 24 degrees,right by 24 degrees,2
https://cs-people.bu.edu/array/research/r2d3/multi_qa_ims/human_study/navigation_val_v2_350_0_marked.jpg,,I need to go to Chair (near the mark 6 in the image). Which direction should I turn to face the object?,left by 31 degrees,right by 31 degrees,1
https://cs-people.bu.edu/array/research/r2d3/multi_qa_ims/human_study/navigation_val_v2_410_0_marked.jpg,,I need to go to Painting (near the mark 2 in the image). Which direction should I turn to face the object?,right by 16 degrees,left by 16 degrees,2
https://cs-people.bu.edu/array/research/r2d3/multi_qa_ims/human_study/navigation_val_v2_759_0_marked.jpg,,I need to go to Faucet (near the mark 1 in the image). Which direction should I turn to face the object?,left by 30 degrees,right by 30 degrees,2
https://cs-people.bu.edu/array/research/r2d3/multi_qa_ims/human_study/navigation_val_v2_642_0_marked.jpg,,I need to go to Television (near the mark 0 in the image). Which direction should I turn to face the object?,left by 50 degrees,look straight,2
https://cs-people.bu.edu/array/research/r2d3/multi_qa_ims/human_study/navigation_val_v2_481_0_marked.jpg,,I need to go to GarbageCan (near the mark 1 in the image). Which direction should I turn to face the object?,right by 28 degrees,left by 28 degrees,1
https://cs-people.bu.edu/array/research/r2d3/multi_qa_ims/human_study/navigation_val_v2_521_0_marked.jpg,,I need to go to Dresser (near the mark 11 in the image). Which direction should I turn to face the object?,right by 47 degrees,left by 47 degrees,2
https://cs-people.bu.edu/array/research/r2d3/multi_qa_ims/human_study/navigation_val_v2_705_0_marked.jpg,,I need to go to Painting (near the mark 16 in the image). Which direction should I turn to face the object?,look straight,left by 16 degrees,2
https://cs-people.bu.edu/array/research/r2d3/multi_qa_ims/human_study/navigation_val_v2_600_0_marked.jpg,,I need to go to Lettuce (near the mark 0 in the image). Which direction should I turn to face the object?,left by 33 degrees,right by 33 degrees,2
https://cs-people.bu.edu/array/research/r2d3/multi_qa_ims/human_study/navigation_val_v2_179_0_marked.jpg,,I need to go to Chair (near the mark 3 in the image). Which direction should I turn to face the object?,right by 34 degrees,look straight,1
https://cs-people.bu.edu/array/research/r2d3/multi_qa_ims/human_study/navigation_val_v2_416_0_marked.jpg,,I need to go to Window (near the mark 12 in the image). Which direction should I turn to face the object?,left by 47 degrees,look straight,1
https://cs-people.bu.edu/array/research/r2d3/multi_qa_ims/human_study/navigation_val_v2_818_0_marked.jpg,,I need to go to Doorway (near the mark 0 in the image). Which direction should I turn to face the object?,right by 50 degrees,left by 50 degrees,2
https://cs-people.bu.edu/array/research/r2d3/multi_qa_ims/human_study/navigation_val_v2_141_0_marked.jpg,,I need to go to Chair (near the mark 4 in the image). Which direction should I turn to face the object?,right by 45 degrees,left by 45 degrees,2
https://cs-people.bu.edu/array/research/r2d3/multi_qa_ims/human_study/navigation_val_v2_177_0_marked.jpg,,I need to go to Doorway (near the mark 8 in the image). Which direction should I turn to face the object?,left by 27 degrees,right by 27 degrees,1
https://cs-people.bu.edu/array/research/r2d3/multi_qa_ims/human_study/navigation_val_v2_141_0_marked.jpg,,I need to go to DiningTable (near the mark 3 in the image). Which direction should I turn to face the object?,left by 30 degrees,right by 30 degrees,1
https://cs-people.bu.edu/array/research/r2d3/multi_qa_ims/human_study/navigation_val_v2_335_0_marked.jpg,,I need to go to Television (near the mark 0 in the image). Which direction should I turn to face the object?,look straight,left by 34 degrees,2
https://cs-people.bu.edu/array/research/r2d3/multi_qa_ims/human_study/navigation_val_v2_667_0_marked.jpg,,I need to go to Chair (near the mark 3 in the image). Which direction should I turn to face the object?,left by 30 degrees,right by 30 degrees,2
https://cs-people.bu.edu/array/research/r2d3/multi_qa_ims/human_study/navigation_val_v2_330_0_marked.jpg,,I need to go to GarbageCan (near the mark 2 in the image). Which direction should I turn to face the object?,left by 22 degrees,look straight,1
https://cs-people.bu.edu/array/research/r2d3/multi_qa_ims/human_study/navigation_val_v2_265_0_marked.jpg,,I need to go to SideTable (near the mark 2 in the image). Which direction should I turn to face the object?,right by 13 degrees,look straight,1
https://cs-people.bu.edu/array/research/r2d3/multi_qa_ims/human_study/navigation_val_v2_538_0_marked.jpg,,I need to go to Pillow (near the mark 0 in the image). Which direction should I turn to face the object?,right by 50 degrees,look straight,1
https://cs-people.bu.edu/array/research/r2d3/multi_qa_ims/human_study/navigation_val_v2_580_0_marked.jpg,,I need to go to Painting (near the mark 1 in the image). Which direction should I turn to face the object?,right by 27 degrees,look straight,1
https://cs-people.bu.edu/array/research/r2d3/multi_qa_ims/human_study/navigation_val_v2_523_0_marked.jpg,,I need to go to red colour plunger  shape cone (near the mark 0 in the image). Which direction should I turn to face the object?,look straight,right by 30 degrees,2
https://cs-people.bu.edu/array/research/r2d3/multi_qa_ims/human_study/navigation_val_v2_289_0_marked.jpg,,I need to go to Bed (near the mark 4 in the image). Which direction should I turn to face the object?,left by 22 degrees,right by 22 degrees,2
https://cs-people.bu.edu/array/research/r2d3/multi_qa_ims/human_study/navigation_val_v2_296_0_marked.jpg,,I need to go to SideTable (near the mark 3 in the image). Which direction should I turn to face the object?,right by 30 degrees,look straight,2
https://cs-people.bu.edu/array/research/r2d3/multi_qa_ims/human_study/navigation_val_v2_483_0_marked.jpg,,I need to go to Doorway (near the mark 4 in the image). Which direction should I turn to face the object?,look straight,left by 30 degrees,1
https://cs-people.bu.edu/array/research/r2d3/multi_qa_ims/human_study/navigation_val_v2_378_0_marked.jpg,,I need to go to Window (near the mark 0 in the image). Which direction should I turn to face the object?,look straight,right by 30 degrees,2
https://cs-people.bu.edu/array/research/r2d3/multi_qa_ims/human_study/navigation_val_v2_798_0_marked.jpg,,I need to go to Chair (near the mark 4 in the image). Which direction should I turn to face the object?,left by 30 degrees,look straight,2
https://cs-people.bu.edu/array/research/r2d3/multi_qa_ims/human_study/navigation_val_v2_395_0_marked.jpg,,I need to go to Fridge (near the mark 16 in the image). Which direction should I turn to face the object?,left by 15 degrees,right by 15 degrees,2
https://cs-people.bu.edu/array/research/r2d3/multi_qa_ims/human_study/navigation_val_v2_304_0_marked.jpg,,I need to go to Box (near the mark 8 in the image). Which direction should I turn to face the object?,look straight,left by 20 degrees,2
https://cs-people.bu.edu/array/research/r2d3/multi_qa_ims/human_study/navigation_val_v2_531_0_marked.jpg,,"If I turn left by 29 degrees, will I be facing away from silve colour toilet  shape decagon (near the mark 5 in the image)?",yes,no,1
https://cs-people.bu.edu/array/research/r2d3/multi_qa_ims/human_study/navigation_val_v2_116_0_marked.jpg,,"If I turn left by 29 degrees, will I be facing away from Window (near the mark 18 in the image)?",no,yes,1
https://cs-people.bu.edu/array/research/r2d3/multi_qa_ims/human_study/navigation_val_v2_107_0_marked.jpg,,"If I turn right by 16 degrees, will I be facing away from HousePlant (near the mark 1 in the image)?",yes,no,2
https://cs-people.bu.edu/array/research/r2d3/multi_qa_ims/human_study/navigation_val_v2_645_0_marked.jpg,,"If I turn left by 40 degrees, will I be facing away from HousePlant (near the mark 6 in the image)?",no,yes,2
https://cs-people.bu.edu/array/research/r2d3/multi_qa_ims/human_study/navigation_val_v2_565_0_marked.jpg,,"If I look straight, will I be facing away from Painting (near the mark 4 in the image)?",no,yes,2
https://cs-people.bu.edu/array/research/r2d3/multi_qa_ims/human_study/navigation_val_v2_478_0_marked.jpg,,"If I rotated right and moved forward, would Sink (marked 4 in the image) move further from the camera?",no,yes,1
https://cs-people.bu.edu/array/research/r2d3/multi_qa_ims/human_study/navigation_val_v2_721_0_marked.jpg,,"If I look straight, will I be facing away from Stool (near the mark 2 in the image)?",yes,no,1
https://cs-people.bu.edu/array/research/r2d3/multi_qa_ims/human_study/navigation_val_v2_334_0_marked.jpg,,"If I look straight, will I be facing away from twotiered metal cart (near the mark 9 in the image)?",no,yes,2
https://cs-people.bu.edu/array/research/r2d3/multi_qa_ims/human_study/navigation_val_v2_375_0_marked.jpg,,"If I turn left by 32 degrees, will I be facing away from Chair (near the mark 4 in the image)?",yes,no,2
https://cs-people.bu.edu/array/research/r2d3/multi_qa_ims/human_study/navigation_val_v2_262_0_marked.jpg,,"If I turn right by 30 degrees, will I be facing away from HousePlant (near the mark 1 in the image)?",no,yes,2
https://cs-people.bu.edu/array/research/r2d3/multi_qa_ims/human_study/navigation_val_v2_424_0_marked.jpg,,"If I turn left by 28 degrees, will I be facing away from DeskLamp (near the mark 0 in the image)?",no,yes,1
https://cs-people.bu.edu/array/research/r2d3/multi_qa_ims/human_study/navigation_val_v2_375_0_marked.jpg,,"If I look straight, will I be facing away from Painting (near the mark 21 in the image)?",no,yes,2
https://cs-people.bu.edu/array/research/r2d3/multi_qa_ims/human_study/navigation_val_v2_422_0_marked.jpg,,"If I turn right by 28 degrees, will I be facing away from oval dog bed in gray fabric (near the mark 1 in the image)?",no,yes,1
https://cs-people.bu.edu/array/research/r2d3/multi_qa_ims/human_study/navigation_val_v2_335_0_marked.jpg,,"If I turn right by 12 degrees, will I be facing away from TVStand (near the mark 7 in the image)?",no,yes,2
https://cs-people.bu.edu/array/research/r2d3/multi_qa_ims/human_study/navigation_val_v2_672_0_marked.jpg,,"If I rotated left, would Pan (marked 5 in the image) move further from the camera?",no,yes,2
https://cs-people.bu.edu/array/research/r2d3/multi_qa_ims/human_study/navigation_val_v2_280_0_marked.jpg,,"If I turn left by 40 degrees, will I be facing away from Sofa (near the mark 3 in the image)?",yes,no,1
https://cs-people.bu.edu/array/research/r2d3/multi_qa_ims/human_study/navigation_val_v2_814_0_marked.jpg,,"If I turn left by 37 degrees, will I be facing away from Painting (near the mark 7 in the image)?",no,yes,1
https://cs-people.bu.edu/array/research/r2d3/multi_qa_ims/human_study/navigation_val_v2_525_0_marked.jpg,,"If I turn right by 49 degrees, will I be facing away from Painting (near the mark 1 in the image)?",no,yes,2
https://cs-people.bu.edu/array/research/r2d3/multi_qa_ims/human_study/navigation_val_v2_667_0_marked.jpg,,"If I turn right by 39 degrees, will I be facing away from DiningTable (near the mark 5 in the image)?",no,yes,1
https://cs-people.bu.edu/array/research/r2d3/multi_qa_ims/human_study/navigation_val_v2_657_0_marked.jpg,,"If I turn left by 48 degrees, will I be facing away from Doorway (near the mark 5 in the image)?",no,yes,1
https://cs-people.bu.edu/array/research/r2d3/multi_qa_ims/human_study/navigation_val_v2_547_0_marked.jpg,,"If I turn left by 51 degrees, will I be facing away from Doorway (near the mark 2 in the image)?",yes,no,2
https://cs-people.bu.edu/array/research/r2d3/multi_qa_ims/human_study/navigation_val_v2_798_0_marked.jpg,,"If I turn left by 50 degrees, will I be facing away from DiningTable (near the mark 5 in the image)?",yes,no,1
https://cs-people.bu.edu/array/research/r2d3/multi_qa_ims/human_study/navigation_val_v2_668_0_marked.jpg,,"If I turn left by 16 degrees, will I be facing away from Bed (near the mark 0 in the image)?",yes,no,2
https://cs-people.bu.edu/array/research/r2d3/multi_qa_ims/human_study/navigation_val_v2_614_0_marked.jpg,,"If I turn left by 47 degrees, will I be facing away from Chair (near the mark 0 in the image)?",no,yes,1
https://cs-people.bu.edu/array/research/r2d3/multi_qa_ims/human_study/navigation_val_v2_802_0_marked.jpg,,"If I turn right by 56 degrees, will I be facing away from HousePlant (near the mark 0 in the image)?",no,yes,1
https://cs-people.bu.edu/array/research/r2d3/multi_qa_ims/human_study/navigation_val_v2_594_0_marked.jpg,,"If I turn left by 42 degrees, will I be facing away from SideTable (near the mark 1 in the image)?",no,yes,2
https://cs-people.bu.edu/array/research/r2d3/multi_qa_ims/human_study/navigation_val_v2_731_0_marked.jpg,,"If I turn right by 46 degrees, will I be facing away from TVStand (near the mark 8 in the image)?",no,yes,2
https://cs-people.bu.edu/array/research/r2d3/multi_qa_ims/human_study/navigation_val_v2_387_0_marked.jpg,,"If I turn left by 49 degrees, will I be facing away from Doorway (near the mark 12 in the image)?",yes,no,2
https://cs-people.bu.edu/array/research/r2d3/multi_qa_ims/human_study/navigation_val_v2_125_0_marked.jpg,,"If I rotated left and moved forward, would Dresser (marked 19 in the image) move further from the camera?",no,yes,2
https://cs-people.bu.edu/array/research/r2d3/multi_qa_ims/human_study/navigation_val_v2_642_0_marked.jpg,,"If I look straight, will I be facing away from TVStand (near the mark 6 in the image)?",no,yes,1
https://cs-people.bu.edu/array/research/r2d3/multi_qa_ims/human_study/navigation_val_v2_609_0_marked.jpg,,"If I turn left by 41 degrees, will I be facing away from Vase (near the mark 0 in the image)?",no,yes,1
https://cs-people.bu.edu/array/research/r2d3/multi_qa_ims/human_study/navigation_val_v2_141_0_marked.jpg,,"If I turn right by 45 degrees, will I be facing away from Chair (near the mark 4 in the image)?",yes,no,1
https://cs-people.bu.edu/array/research/r2d3/multi_qa_ims/human_study/navigation_val_v2_855_0_marked.jpg,,"If I turn left by 31 degrees, will I be facing away from HousePlant (near the mark 4 in the image)?",yes,no,2
https://cs-people.bu.edu/array/research/r2d3/multi_qa_ims/human_study/navigation_val_v2_414_0_marked.jpg,,"If I turn right by 33 degrees, will I be facing away from ArmChair (near the mark 7 in the image)?",no,yes,2
https://cs-people.bu.edu/array/research/r2d3/multi_qa_ims/human_study/navigation_val_v2_729_0_marked.jpg,,"If I look straight, will I be facing away from Painting (near the mark 1 in the image)?",no,yes,1
https://cs-people.bu.edu/array/research/r2d3/multi_qa_ims/human_study/navigation_val_v2_292_0_marked.jpg,,"If I turn left by 34 degrees, will I be facing away from Painting (near the mark 7 in the image)?",yes,no,2
https://cs-people.bu.edu/array/research/r2d3/multi_qa_ims/human_study/navigation_val_v2_764_0_marked.jpg,,"If I rotated left and moved forward, would Window (marked 19 in the image) move further from the camera?",yes,no,2
https://cs-people.bu.edu/array/research/r2d3/multi_qa_ims/human_study/navigation_val_v2_659_0_marked.jpg,,"If I turn right by 22 degrees, will I be facing away from Sink (near the mark 3 in the image)?",yes,no,2
https://cs-people.bu.edu/array/research/r2d3/multi_qa_ims/human_study/navigation_val_v2_365_0_marked.jpg,,"If I turn right by 23 degrees, will I be facing away from CounterTop (near the mark 15 in the image)?",yes,no,2
https://cs-people.bu.edu/array/research/r2d3/multi_qa_ims/human_study/navigation_val_v2_846_0_marked.jpg,,"If I look straight, will I be facing away from Book (near the mark 2 in the image)?",yes,no,1
https://cs-people.bu.edu/array/research/r2d3/multi_qa_ims/human_study/navigation_val_v2_208_0_marked.jpg,,"If I turn left by 27 degrees, will I be facing away from Painting (near the mark 6 in the image)?",yes,no,2
https://cs-people.bu.edu/array/research/r2d3/multi_qa_ims/human_study/navigation_val_v2_448_0_marked.jpg,,"If I look straight, will I be facing away from Painting (near the mark 3 in the image)?",no,yes,2
https://cs-people.bu.edu/array/research/r2d3/multi_qa_ims/human_study/navigation_val_v2_756_0_marked.jpg,,"If I turn right by 35 degrees, will I be facing away from HousePlant (near the mark 2 in the image)?",yes,no,2
https://cs-people.bu.edu/array/research/r2d3/multi_qa_ims/human_study/navigation_val_v2_165_0_marked.jpg,,"If I turn left by 50 degrees, will I be facing away from Sofa (near the mark 9 in the image)?",yes,no,1
https://cs-people.bu.edu/array/research/r2d3/multi_qa_ims/human_study/navigation_val_v2_726_0_marked.jpg,,"If I turn right by 15 degrees, will I be facing away from Sink (near the mark 1 in the image)?",no,yes,1
https://cs-people.bu.edu/array/research/r2d3/multi_qa_ims/human_study/navigation_val_v2_640_0_marked.jpg,,"If I look straight, will I be facing away from Window (near the mark 9 in the image)?",yes,no,2
https://cs-people.bu.edu/array/research/r2d3/multi_qa_ims/human_study/navigation_val_v2_861_0_marked.jpg,,"If I turn right by 42 degrees, will I be facing away from ArmChair (near the mark 0 in the image)?",no,yes,1
https://cs-people.bu.edu/array/research/r2d3/multi_qa_ims/human_study/navigation_val_v2_614_0_marked.jpg,,"If I turn left by 46 degrees, will I be facing away from DiningTable (near the mark 7 in the image)?",yes,no,2
https://cs-people.bu.edu/array/research/r2d3/multi_qa_ims/human_study/navigation_val_v2_355_0_marked.jpg,,"If I turn right by 11 degrees, will I be facing away from Pot (near the mark 1 in the image)?",no,yes,2
https://cs-people.bu.edu/array/research/r2d3/multi_qa_ims/human_study/navigation_val_v2_691_0_marked.jpg,,"If I turn left by 15 degrees, will I be facing away from blue translucent garbage bag (near the mark 1 in the image)?",yes,no,2
https://cs-people.bu.edu/array/research/r2d3/multi_qa_ims/human_study/perspective_735_im_0_marked.png,,"If I move to the 'X' marked point in the image and turned left by 90 degrees, will the Newspaper (near marked 0) get closer or further away?",Further,Closer,2
https://cs-people.bu.edu/array/research/r2d3/multi_qa_ims/human_study/perspective_735_im_0_marked.png,,"If I move to the 'X' marked point in the image and turned left by 90 degrees, will the KeyChain (near marked 5) get closer or further away?",Further,Closer,2
https://cs-people.bu.edu/array/research/r2d3/multi_qa_ims/human_study/perspective_735_im_0_marked.png,,"If I move to the 'X' marked point in the image and turned left by 90 degrees, will the Newspaper (near marked 0) be to my left or right?",right,left,1
https://cs-people.bu.edu/array/research/r2d3/multi_qa_ims/human_study/perspective_735_im_0_marked.png,,"For someone at the 'X' marked point in the image and facing 90 degrees to the left, will the Newspaper (near marked 0) be to their left or right?",left,right,2
https://cs-people.bu.edu/array/research/r2d3/multi_qa_ims/human_study/perspective_735_im_0_marked.png,,"If I move to the 'X' marked point in the image and turned left by 90 degrees, will the black colored wooden chair (near marked 1) be to my left or right?",right,roughly straight ahead,2
https://cs-people.bu.edu/array/research/r2d3/multi_qa_ims/human_study/perspective_735_im_0_marked.png,,"For someone at the 'X' marked point in the image and facing 90 degrees to the left, will the black colored wooden chair (near marked 1) be to their left or right?",roughly straight ahead,right,1
https://cs-people.bu.edu/array/research/r2d3/multi_qa_ims/human_study/perspective_735_im_0_marked.png,,"If I move to the 'X' marked point in the image and turned left by 90 degrees, will the Pencil (near marked 2) be to my left or right?",roughly straight ahead,right,1
https://cs-people.bu.edu/array/research/r2d3/multi_qa_ims/human_study/perspective_735_im_0_marked.png,,"For someone at the 'X' marked point in the image and facing 90 degrees to the left, will the Pencil (near marked 2) be to their left or right?",roughly straight ahead,right,1
https://cs-people.bu.edu/array/research/r2d3/multi_qa_ims/human_study/perspective_735_im_0_marked.png,,"If I move to the 'X' marked point in the image and turned left by 90 degrees, will the Bowl (near marked 3) be to my left or right?",left,right,2
https://cs-people.bu.edu/array/research/r2d3/multi_qa_ims/human_study/perspective_735_im_0_marked.png,,"For someone at the 'X' marked point in the image and facing 90 degrees to the left, will the Bowl (near marked 3) be to their left or right?",right,left,1
https://cs-people.bu.edu/array/research/r2d3/multi_qa_ims/human_study/perspective_735_im_0_marked.png,,"If I move to the 'X' marked point in the image and turned left by 90 degrees, will the HousePlant (near marked 4) be to my left or right?",right,left,1
https://cs-people.bu.edu/array/research/r2d3/multi_qa_ims/human_study/perspective_735_im_0_marked.png,,"For someone at the 'X' marked point in the image and facing 90 degrees to the left, will the HousePlant (near marked 4) be to their left or right?",right,left,1
https://cs-people.bu.edu/array/research/r2d3/multi_qa_ims/human_study/perspective_735_im_0_marked.png,,"If I move to the 'X' marked point in the image and turned left by 90 degrees, will the KeyChain (near marked 5) be to my left or right?",right,left,1
https://cs-people.bu.edu/array/research/r2d3/multi_qa_ims/human_study/perspective_735_im_0_marked.png,,"For someone at the 'X' marked point in the image and facing 90 degrees to the left, will the KeyChain (near marked 5) be to their left or right?",left,right,2
https://cs-people.bu.edu/array/research/r2d3/multi_qa_ims/human_study/perspective_735_im_0_marked.png,,"If I move to the 'X' marked point in the image and turned left by 90 degrees, will the brown square dining table (near marked 6) be to my left or right?",left,right,2
https://cs-people.bu.edu/array/research/r2d3/multi_qa_ims/human_study/perspective_735_im_0_marked.png,,"For someone at the 'X' marked point in the image and facing 90 degrees to the left, will the brown square dining table (near marked 6) be to their left or right?",left,right,2
https://cs-people.bu.edu/array/research/r2d3/multi_qa_ims/human_study/perspective_735_im_0_marked.png,,"If I move to the 'X' marked point in the image and turned left by 90 degrees, will the black colored wooden chair (near marked 7) be to my left or right?",left,right,2
https://cs-people.bu.edu/array/research/r2d3/multi_qa_ims/human_study/perspective_735_im_0_marked.png,,"For someone at the 'X' marked point in the image and facing 90 degrees to the left, will the black colored wooden chair (near marked 7) be to their left or right?",right,left,1
https://cs-people.bu.edu/array/research/r2d3/multi_qa_ims/human_study/perspective_736_im_0_marked.png,,"If I move to the 'X' marked point in the image and turned left by 90 degrees, will the open cardboard box (near marked 4) get closer or further away?",Further,Closer,2
https://cs-people.bu.edu/array/research/r2d3/multi_qa_ims/human_study/perspective_736_im_0_marked.png,,"If I move to the 'X' marked point in the image and turned left by 90 degrees, will the Bowl (near marked 5) get closer or further away?",Closer,Further,1
https://cs-people.bu.edu/array/research/r2d3/multi_qa_ims/human_study/perspective_736_im_0_marked.png,,"If I move to the 'X' marked point in the image and turned left by 90 degrees, will the DeskLamp (near marked 6) get closer or further away?",Closer,Further,1
https://cs-people.bu.edu/array/research/r2d3/multi_qa_ims/human_study/perspective_736_im_0_marked.png,,"If I move to the 'X' marked point in the image and turned left by 90 degrees, will the Vase (near marked 7) get closer or further away?",Further,Closer,2
https://cs-people.bu.edu/array/research/r2d3/multi_qa_ims/human_study/perspective_736_im_0_marked.png,,"If I move to the 'X' marked point in the image and turned left by 90 degrees, will the DeskLamp (near marked 8) get closer or further away?",Further,Closer,2
https://cs-people.bu.edu/array/research/r2d3/multi_qa_ims/human_study/perspective_736_im_0_marked.png,,"If I move to the 'X' marked point in the image and turned left by 90 degrees, will the open brown cardboard box (near marked 12) get closer or further away?",Closer,Further,1
https://cs-people.bu.edu/array/research/r2d3/multi_qa_ims/human_study/perspective_736_im_0_marked.png,,"If I move to the 'X' marked point in the image and turned left by 90 degrees, will the blue modern dining table (near marked 13) get closer or further away?",Further,Closer,2
https://cs-people.bu.edu/array/research/r2d3/multi_qa_ims/human_study/perspective_736_im_0_marked.png,,"If I move to the 'X' marked point in the image and turned left by 90 degrees, will the open cardboard box (near marked 4) be to my left or right?",left,roughly straight ahead,2
https://cs-people.bu.edu/array/research/r2d3/multi_qa_ims/human_study/perspective_736_im_0_marked.png,,"For someone at the 'X' marked point in the image and facing 90 degrees to the left, will the open cardboard box (near marked 4) be to their left or right?",roughly straight ahead,left,1
https://cs-people.bu.edu/array/research/r2d3/multi_qa_ims/human_study/perspective_736_im_0_marked.png,,"If I move to the 'X' marked point in the image and turned left by 90 degrees, will the Bowl (near marked 5) be to my left or right?",right,left,1
https://cs-people.bu.edu/array/research/r2d3/multi_qa_ims/human_study/perspective_736_im_0_marked.png,,"For someone at the 'X' marked point in the image and facing 90 degrees to the left, will the Bowl (near marked 5) be to their left or right?",left,right,2
https://cs-people.bu.edu/array/research/r2d3/multi_qa_ims/human_study/perspective_736_im_0_marked.png,,"If I move to the 'X' marked point in the image and turned left by 90 degrees, will the DeskLamp (near marked 6) be to my left or right?",left,right,2
https://cs-people.bu.edu/array/research/r2d3/multi_qa_ims/human_study/perspective_736_im_0_marked.png,,"For someone at the 'X' marked point in the image and facing 90 degrees to the left, will the DeskLamp (near marked 6) be to their left or right?",right,left,1
https://cs-people.bu.edu/array/research/r2d3/multi_qa_ims/human_study/perspective_736_im_0_marked.png,,"If I move to the 'X' marked point in the image and turned left by 90 degrees, will the Vase (near marked 7) be to my left or right?",right,left,1
https://cs-people.bu.edu/array/research/r2d3/multi_qa_ims/human_study/perspective_736_im_0_marked.png,,"For someone at the 'X' marked point in the image and facing 90 degrees to the left, will the Vase (near marked 7) be to their left or right?",right,left,1
https://cs-people.bu.edu/array/research/r2d3/multi_qa_ims/human_study/perspective_736_im_0_marked.png,,"If I move to the 'X' marked point in the image and turned left by 90 degrees, will the DeskLamp (near marked 8) be to my left or right?",left,right,2
https://cs-people.bu.edu/array/research/r2d3/multi_qa_ims/human_study/perspective_736_im_0_marked.png,,"For someone at the 'X' marked point in the image and facing 90 degrees to the left, will the DeskLamp (near marked 8) be to their left or right?",right,left,1
https://cs-people.bu.edu/array/research/r2d3/multi_qa_ims/human_study/perspective_736_im_0_marked.png,,"If I move to the 'X' marked point in the image and turned left by 90 degrees, will the open brown cardboard box (near marked 12) be to my left or right?",right,left,1
https://cs-people.bu.edu/array/research/r2d3/multi_qa_ims/human_study/perspective_736_im_0_marked.png,,"For someone at the 'X' marked point in the image and facing 90 degrees to the left, will the open brown cardboard box (near marked 12) be to their left or right?",left,right,2
https://cs-people.bu.edu/array/research/r2d3/multi_qa_ims/human_study/perspective_736_im_0_marked.png,,"If I move to the 'X' marked point in the image and turned left by 90 degrees, will the blue modern dining table (near marked 13) be to my left or right?",right,left,1
https://cs-people.bu.edu/array/research/r2d3/multi_qa_ims/human_study/perspective_736_im_0_marked.png,,"For someone at the 'X' marked point in the image and facing 90 degrees to the left, will the blue modern dining table (near marked 13) be to their left or right?",left,right,2
https://cs-people.bu.edu/array/research/r2d3/multi_qa_ims/human_study/perspective_737_im_0_marked.png,,"If I move to the 'X' marked point in the image and turned left by 90 degrees, will the Doorway (near marked 0) be to my left or right?",left,roughly straight ahead,2
https://cs-people.bu.edu/array/research/r2d3/multi_qa_ims/human_study/perspective_737_im_0_marked.png,,"For someone at the 'X' marked point in the image and facing 90 degrees to the left, will the Doorway (near marked 0) be to their left or right?",roughly straight ahead,left,1
https://cs-people.bu.edu/array/research/r2d3/multi_qa_ims/human_study/perspective_738_im_0_marked.png,,"If I move to the 'X' marked point in the image and turned left by 90 degrees, will the Doorway (near marked 0) get closer or further away?",Further,Closer,2
https://cs-people.bu.edu/array/research/r2d3/multi_qa_ims/human_study/perspective_738_im_0_marked.png,,"If I move to the 'X' marked point in the image and turned left by 90 degrees, will the Doorway (near marked 0) be to my left or right?",left,roughly straight ahead,2
https://cs-people.bu.edu/array/research/r2d3/multi_qa_ims/human_study/perspective_738_im_0_marked.png,,"For someone at the 'X' marked point in the image and facing 90 degrees to the left, will the Doorway (near marked 0) be to their left or right?",left,roughly straight ahead,2
https://cs-people.bu.edu/array/research/r2d3/multi_qa_ims/human_study/perspective_740_im_0_marked.png,,"If I move to the 'X' marked point in the image and turned right by 90 degrees, will the Doorway (near marked 4) get closer or further away?",Closer,Further,1
https://cs-people.bu.edu/array/research/r2d3/multi_qa_ims/human_study/perspective_740_im_0_marked.png,,"If I move to the 'X' marked point in the image and turned right by 90 degrees, will the black colour rectangle shape wooden material (near marked 7) get closer or further away?",Further,Closer,2
https://cs-people.bu.edu/array/research/r2d3/multi_qa_ims/human_study/perspective_740_im_0_marked.png,,"If I move to the 'X' marked point in the image and turned right by 90 degrees, will the modern dark walnut bed with gray upholstered headboard (near marked 1) be to my left or right?",right,left,1
https://cs-people.bu.edu/array/research/r2d3/multi_qa_ims/human_study/perspective_740_im_0_marked.png,,"For someone at the 'X' marked point in the image and facing 90 degrees to the right, will the modern dark walnut bed with gray upholstered headboard (near marked 1) be to their left or right?",right,left,1
https://cs-people.bu.edu/array/research/r2d3/multi_qa_ims/human_study/perspective_740_im_0_marked.png,,"If I move to the 'X' marked point in the image and turned right by 90 degrees, will the Book (near marked 2) be to my left or right?",roughly straight ahead,left,1
https://cs-people.bu.edu/array/research/r2d3/multi_qa_ims/human_study/perspective_740_im_0_marked.png,,"For someone at the 'X' marked point in the image and facing 90 degrees to the right, will the Book (near marked 2) be to their left or right?",roughly straight ahead,left,1
